bits_quant,raw_total_bytes,compressed_total_bytes,overall_ratio,overall_gain_pct
8,116654592,88999764,1.3107292284505383,23.706591850237658
16,116654592,88951026,1.3114474025291176,23.748371602894125
