bits_quant,mean_ratio,std_ratio,mean_gain,std_gain,mean_nmse,std_nmse
8,1.9887195529158996,6.431716744599977,22.547885412995864,12.548424437955665,0.0075431536561583416,0.0267285707705477
16,1.959093985606635,6.158906401319546,22.369516063866723,12.64315662860307,0.0075431536561583416,0.0267285707705477
