bits_quant,raw_total_bytes,compressed_total_bytes,overall_ratio,overall_gain_pct,overall_overhead_bytes,overall_overhead_pct
8,25557032,12473492,2.04890755531811,51.193503220561766,-13083540,-51.193503220561766
16,51114064,12511243,4.085450502400121,75.52289522507934,-38602821,-75.52289522507934
