bits_quant,mean_ratio,std_ratio,mean_gain,std_gain,mean_nmse,std_nmse,raw_total_bytes,comp_total_bytes,overhead_bytes,overhead_pct
8,1.3745007565925318,0.3983069576712056,22.0298942694318,18.953585991485628,0.0014166770986331816,0.002234865883730253,25557032,12473492,-13083540,-51.193503220561766
16,1.938498898169045,1.325446098928026,26.811227334865446,33.04273385505127,0.0011894799043481621,0.002234589759092845,51114064,12511243,-38602821,-75.52289522507934
