bits_quant,raw_total_bytes,compressed_total_bytes,overall_ratio,overall_gain_pct,overall_overhead_bytes,overall_overhead_pct
8,86567656,51821673,1.6704913405632427,40.13737301608351,-34745983,-40.13737301608351
16,173135312,51978507,3.3309019822366195,69.97810186751505,-121156805,-69.97810186751504
