bits_quant,layer_id,mean_ratio,mean_gain,mean_bpe,mean_nmse,raw_total_bytes,comp_total_bytes,overhead_bytes,overhead_pct
8,-1,1.5452377619207285,29.153286757881418,5.667737059369487,0.0031600410036554095,86567656,51821673,-34745983,-40.13737301608351
16,-1,2.0864645971090017,31.022504122669307,11.03639934037291,0.003013518906607385,173135312,51978507,-121156805,-69.97810186751504
