bits_quant,mean_ratio,std_ratio,mean_gain,std_gain,mean_nmse,std_nmse,raw_total_bytes,comp_total_bytes,overhead_bytes,overhead_pct
8,1.5452377619207285,0.8202246687246366,29.153286757881418,15.170511408337404,0.0031600410036554095,0.02018002418761978,86567656,51821673,-34745983,-40.13737301608351
16,2.0864645971090017,1.9805920072773304,31.022504122669307,29.757674391579897,0.003013518906607385,0.020199927263895443,173135312,51978507,-121156805,-69.97810186751504
