bits_quant,raw_total_bytes,compressed_total_bytes,overall_ratio,overall_gain_pct,overall_overhead_bytes,overall_overhead_pct
8,5288548,4115912,1.284903078588658,22.173118216947262,-1172636,-22.17311821694726
16,10577096,4314742,2.451385505784587,59.20674256903785,-6262354,-59.20674256903785
