bits_quant,mean_ratio,std_ratio,mean_gain,std_gain,mean_nmse,std_nmse,raw_total_bytes,comp_total_bytes,overhead_bytes,overhead_pct
8,1.157083210204401,0.16381842014363046,12.06265637579031,12.64516894553988,0.0016197331470429051,0.010243631752973386,5288548,4115912,-1172636,-22.17311821694726
16,1.3744060535914353,0.642242774128607,16.090209628813813,24.31482994027932,0.0005703849636299356,0.006809087417236781,10577096,4314742,-6262354,-59.20674256903785
