bits_quant,raw_total_bytes,compressed_total_bytes,overall_ratio,overall_gain_pct
8,141690243.0,96968826,1.4611937551971599,31.562806339459804
12,141690243.0,96899099,1.4622452062221962,31.61201720855261
