bits_quant,mean_ratio,std_ratio,mean_gain,std_gain,mean_nmse,std_nmse
8,1.9377992671512059,4.35377549377343,22.820670100729032,16.4576961978844,0.003325964975616944,0.0200986401529046
12,1.9804008348661644,4.435715424556868,22.679532069307356,16.736786992375002,0.003325964975616944,0.0200986401529046
